tld,DNSSEC enabled %,DNSSEC Enabled?,#Days of no DNSSEC in 2019,#Days of no DNSSEC in 2020,#Days of no DNSSEC in 2021,#Days of no DNSSEC,First DNSSEC enabled
.aaa,1.0,enabled,0,0,0,0,2019-01-01
.pharmacy,1.0,enabled,0,0,0,0,2019-01-01
.ott,1.0,enabled,0,0,0,0,2019-01-01
.ovh,1.0,enabled,0,0,0,0,2019-01-01
.page,1.0,enabled,0,0,0,0,2019-01-01
.paris,1.0,enabled,0,0,0,0,2019-01-01
.pars,1.0,enabled,0,0,0,0,2019-01-01
.partners,1.0,enabled,0,0,0,0,2019-01-01
.parts,1.0,enabled,0,0,0,0,2019-01-01
.party,1.0,enabled,0,0,0,0,2019-01-01
.passagens,1.0,enabled,0,0,0,0,2019-01-01
.pay,1.0,enabled,0,0,0,0,2019-01-01
.pccw,1.0,enabled,0,0,0,0,2019-01-01
.pet,1.0,enabled,0,0,0,0,2019-01-01
.pfizer,1.0,enabled,0,0,0,0,2019-01-01
.philips,1.0,enabled,0,0,0,0,2019-01-01
.organic,1.0,enabled,0,0,0,0,2019-01-01
.phone,1.0,enabled,0,0,0,0,2019-01-01
.photo,1.0,enabled,0,0,0,0,2019-01-01
.photography,1.0,enabled,0,0,0,0,2019-01-01
.photos,1.0,enabled,0,0,0,0,2019-01-01
.physio,1.0,enabled,0,0,0,0,2019-01-01
.piaget,1.0,enabled,0,,,,2019-01-01
.pics,1.0,enabled,0,0,0,0,2019-01-01
.pictures,1.0,enabled,0,0,0,0,2019-01-01
.pin,1.0,enabled,0,0,0,0,2019-01-01
.ping,1.0,enabled,0,0,0,0,2019-01-01
.pink,1.0,enabled,0,0,0,0,2019-01-01
.pizza,1.0,enabled,0,0,0,0,2019-01-01
.place,1.0,enabled,0,0,0,0,2019-01-01
.osaka,1.0,enabled,0,0,0,0,2019-01-01
.open,1.0,enabled,0,0,0,0,2019-01-01
.navy,1.0,enabled,0,0,0,0,2019-01-01
.nra,1.0,enabled,0,0,0,0,2019-01-01
.netbank,1.0,enabled,0,0,0,0,2019-01-01
.network,1.0,enabled,0,0,0,0,2019-01-01
.neustar,1.0,enabled,0,0,0,0,2019-01-01
.newholland,1.0,enabled,0,0,0,0,2019-01-01
.news,1.0,enabled,0,0,0,0,2019-01-01
.ngo,1.0,enabled,0,0,0,0,2019-01-01
.nike,1.0,enabled,0,0,0,0,2019-01-01
.ninja,1.0,enabled,0,0,0,0,2019-01-01
.nokia,1.0,enabled,0,0,0,0,2019-01-01
.northwesternmutual,1.0,enabled,0,0,0,0,2019-01-01
.now,1.0,enabled,0,0,0,0,2019-01-01
.nowruz,1.0,enabled,0,0,0,0,2019-01-01
.nowtv,1.0,enabled,0,0,0,0,2019-01-01
.nrw,1.0,enabled,0,0,0,0,2019-01-01
.ooo,1.0,enabled,0,0,0,0,2019-01-01
.ntt,1.0,enabled,0,0,0,0,2019-01-01
.nyc,1.0,enabled,0,0,0,0,2019-01-01
.observer,1.0,enabled,0,0,0,0,2019-01-01
.office,1.0,enabled,0,0,0,0,2019-01-01
.okinawa,1.0,enabled,0,0,0,0,2019-01-01
.olayan,1.0,enabled,0,0,0,0,2019-01-01
.olayangroup,1.0,enabled,0,0,0,0,2019-01-01
.oldnavy,1.0,enabled,0,0,0,0,2019-01-01
.ollo,1.0,enabled,0,0,0,0,2019-01-01
.one,1.0,enabled,0,0,0,0,2019-01-01
.ong,1.0,enabled,0,0,0,0,2019-01-01
.onl,1.0,enabled,0,0,0,0,2019-01-01
.online,1.0,enabled,0,0,0,0,2019-01-01
.plumbing,1.0,enabled,0,0,0,0,2019-01-01
.plus,1.0,enabled,0,0,0,0,2019-01-01
.pohl,1.0,enabled,0,0,0,0,2019-01-01
.rio,1.0,enabled,0,0,0,0,2019-01-01
.reise,1.0,enabled,0,0,0,0,2019-01-01
.reisen,1.0,enabled,0,0,0,0,2019-01-01
.rent,1.0,enabled,0,0,0,0,2019-01-01
.rentals,1.0,enabled,0,0,0,0,2019-01-01
.repair,1.0,enabled,0,0,0,0,2019-01-01
.report,1.0,enabled,0,0,0,0,2019-01-01
.republican,1.0,enabled,0,0,0,0,2019-01-01
.rest,1.0,enabled,0,0,0,0,2019-01-01
.restaurant,1.0,enabled,0,0,0,0,2019-01-01
.review,1.0,enabled,0,0,0,0,2019-01-01
.reviews,1.0,enabled,0,0,0,0,2019-01-01
.rich,1.0,enabled,0,0,0,0,2019-01-01
.richardli,1.0,enabled,0,0,0,0,2019-01-01
.rip,1.0,enabled,0,0,0,0,2019-01-01
.poker,1.0,enabled,0,0,0,0,2019-01-01
.rmit,1.0,enabled,0,0,0,0,2019-01-01
.rocher,1.0,enabled,0,0,0,0,2019-01-01
.rocks,1.0,enabled,0,0,0,0,2019-01-01
.rodeo,1.0,enabled,0,0,0,0,2019-01-01
.rogers,1.0,enabled,0,0,0,0,2019-01-01
.room,1.0,enabled,0,0,0,0,2019-01-01
.ruhr,1.0,enabled,0,0,0,0,2019-01-01
.run,1.0,enabled,0,0,0,0,2019-01-01
.saarland,1.0,enabled,0,0,0,0,2019-01-01
.safe,1.0,enabled,0,0,0,0,2019-01-01
.safety,1.0,enabled,0,0,0,0,2019-01-01
.sakura,1.0,enabled,0,0,0,0,2019-01-01
.sale,1.0,enabled,0,0,0,0,2019-01-01
.rehab,1.0,enabled,0,0,0,0,2019-01-01
.redumbrella,1.0,enabled,0,0,0,0,2019-01-01
.redstone,1.0,enabled,0,0,0,0,2019-01-01
.red,1.0,enabled,0,0,0,0,2019-01-01
.politie,1.0,enabled,0,0,0,0,2019-01-01
.porn,1.0,enabled,0,0,0,0,2019-01-01
.post,1.0,enabled,,0,,,2020-01-01
.pramerica,1.0,enabled,0,0,0,0,2019-01-01
.praxi,1.0,enabled,0,0,0,0,2019-01-01
.press,1.0,enabled,0,0,0,0,2019-01-01
.prime,1.0,enabled,0,0,0,0,2019-01-01
.pro,1.0,enabled,0,0,0,0,2019-01-01
.productions,1.0,enabled,0,0,0,0,2019-01-01
.progressive,1.0,enabled,0,0,0,0,2019-01-01
.promo,1.0,enabled,0,0,0,0,2019-01-01
.properties,1.0,enabled,0,0,0,0,2019-01-01
.property,1.0,enabled,0,0,0,0,2019-01-01
.pru,1.0,enabled,0,0,0,0,2019-01-01
.prudential,1.0,enabled,0,0,0,0,2019-01-01
.pub,1.0,enabled,0,0,0,0,2019-01-01
.pwc,1.0,enabled,0,0,0,0,2019-01-01
.qpon,1.0,enabled,0,0,0,0,2019-01-01
.quebec,1.0,enabled,0,0,0,0,2019-01-01
.quest,1.0,enabled,0,0,0,0,2019-01-01
.qvc,1.0,enabled,0,0,0,0,2019-01-01
.racing,1.0,enabled,0,0,0,0,2019-01-01
.radio,1.0,enabled,0,0,0,0,2019-01-01
.read,1.0,enabled,0,0,0,0,2019-01-01
.realestate,1.0,enabled,0,0,0,0,2019-01-01
.realty,1.0,enabled,0,0,0,0,2019-01-01
.recipes,1.0,enabled,0,0,0,0,2019-01-01
.nba,1.0,enabled,0,0,0,0,2019-01-01
.natura,1.0,enabled,0,0,0,0,2019-01-01
.sap,1.0,enabled,0,0,0,0,2019-01-01
.lasalle,1.0,enabled,0,0,0,0,2019-01-01
.kitchen,1.0,enabled,0,0,0,0,2019-01-01
.kiwi,1.0,enabled,0,0,0,0,2019-01-01
.koeln,1.0,enabled,0,0,0,0,2019-01-01
.kosher,1.0,enabled,0,0,0,0,2019-01-01
.kpmg,1.0,enabled,0,0,0,0,2019-01-01
.kpn,1.0,enabled,0,0,0,0,2019-01-01
.krd,1.0,enabled,0,0,0,0,2019-01-01
.lacaixa,1.0,enabled,0,0,0,0,2019-01-01
.lamborghini,1.0,enabled,0,0,0,0,2019-01-01
.lancaster,1.0,enabled,0,0,0,0,2019-01-01
.lancia,1.0,enabled,0,0,0,0,2019-01-01
.land,1.0,enabled,0,0,0,0,2019-01-01
.lanxess,1.0,enabled,0,0,0,0,2019-01-01
.lat,1.0,enabled,0,0,0,0,2019-01-01
.kinder,1.0,enabled,0,0,0,0,2019-01-01
.latino,1.0,enabled,0,0,0,0,2019-01-01
.latrobe,1.0,enabled,0,0,0,0,2019-01-01
.law,1.0,enabled,0,0,0,0,2019-01-01
.lawyer,1.0,enabled,0,0,0,0,2019-01-01
.lds,1.0,enabled,0,0,0,0,2019-01-01
.lease,1.0,enabled,0,0,0,0,2019-01-01
.leclerc,1.0,enabled,0,0,0,0,2019-01-01
.legal,1.0,enabled,0,0,0,0,2019-01-01
.lgbt,1.0,enabled,0,0,0,0,2019-01-01
.lidl,1.0,enabled,0,0,0,0,2019-01-01
.life,1.0,enabled,0,0,0,0,2019-01-01
.lifeinsurance,1.0,enabled,0,0,0,0,2019-01-17
.lighting,1.0,enabled,0,0,0,0,2019-01-01
.kindle,1.0,enabled,0,0,0,0,2019-01-01
.kim,1.0,enabled,0,0,0,0,2019-01-01
.name,1.0,enabled,,0,,,2020-01-01
.istanbul,1.0,enabled,0,0,0,0,2019-01-01
.info,1.0,enabled,,0,,,2020-01-01
.ink,1.0,enabled,0,0,0,0,2019-01-01
.institute,1.0,enabled,0,0,0,0,2019-01-01
.insurance,1.0,enabled,0,0,0,0,2019-01-01
.insure,1.0,enabled,0,0,0,0,2019-01-01
.int,1.0,enabled,,0,,,2020-01-01
.intel,1.0,enabled,0,0,,,2019-01-01
.international,1.0,enabled,0,0,0,0,2019-01-01
.investments,1.0,enabled,0,0,0,0,2019-01-01
.irish,1.0,enabled,0,0,0,0,2019-01-01
.iselect,1.0,enabled,0,,,,2019-01-01
.ismaili,1.0,enabled,0,0,0,0,2019-01-01
.ist,1.0,enabled,0,0,0,0,2019-01-01
.itv,1.0,enabled,0,0,0,0,2019-01-01
.kaufen,1.0,enabled,0,0,0,0,2019-01-01
.iveco,1.0,enabled,0,0,0,0,2019-01-01
.jcp,1.0,enabled,0,0,,,2019-01-01
.jeep,1.0,enabled,0,0,0,0,2019-01-01
.jetzt,1.0,enabled,0,0,0,0,2019-01-01
.jewelry,1.0,enabled,0,0,0,0,2019-01-01
.jll,1.0,enabled,0,0,0,0,2019-01-01
.jmp,1.0,enabled,0,0,0,0,2019-01-01
.jnj,1.0,enabled,0,0,0,0,2019-01-01
.jobs,1.0,enabled,0,0,0,0,2019-01-01
.jot,1.0,enabled,0,0,0,0,2019-01-01
.joy,1.0,enabled,0,0,0,0,2019-01-01
.jprs,1.0,enabled,0,0,0,0,2019-01-01
.juegos,1.0,enabled,0,0,0,0,2019-01-01
.like,1.0,enabled,0,0,0,0,2019-01-01
.lilly,1.0,enabled,0,0,0,0,2019-01-01
.limited,1.0,enabled,0,0,0,0,2019-01-01
.moi,1.0,enabled,0,0,0,0,2019-01-01
.men,1.0,enabled,0,0,0,0,2019-01-01
.menu,1.0,enabled,0,0,0,0,2019-01-01
.miami,1.0,enabled,0,0,0,0,2019-01-01
.mil,1.0,enabled,,0,,,2020-01-01
.mini,1.0,enabled,0,0,0,0,2019-01-01
.mit,1.0,enabled,0,0,0,0,2019-01-01
.mlb,1.0,enabled,0,0,0,0,2019-01-01
.mma,1.0,enabled,0,0,0,0,2019-01-01
.mobi,1.0,enabled,,0,,,2020-01-01
.mobile,1.0,enabled,0,0,0,0,2019-01-01
.mobily,1.0,enabled,0,,,,2019-01-01
.moda,1.0,enabled,0,0,0,0,2019-01-01
.moe,1.0,enabled,0,0,0,0,2019-01-01
.mom,1.0,enabled,0,0,0,0,2019-01-01
.limo,1.0,enabled,0,0,0,0,2019-01-01
.monash,1.0,enabled,0,0,0,0,2019-01-01
.money,1.0,enabled,0,0,0,0,2019-01-01
.mopar,1.0,enabled,0,,,,2019-01-01
.mormon,1.0,enabled,0,0,0,0,2019-01-01
.mortgage,1.0,enabled,0,0,0,0,2019-01-01
.moscow,1.0,enabled,0,0,0,0,2019-01-01
.motorcycles,1.0,enabled,0,0,0,0,2019-01-01
.movie,1.0,enabled,0,0,0,0,2019-01-01
.movistar,1.0,enabled,0,,,,2019-01-01
.mtn,1.0,enabled,0,0,0,0,2019-01-01
.mtr,1.0,enabled,0,0,0,0,2019-01-01
.museum,1.0,enabled,0,0,0,0,2019-01-01
.mutual,1.0,enabled,0,0,0,0,2019-01-01
.memorial,1.0,enabled,0,0,0,0,2019-01-01
.melbourne,1.0,enabled,0,0,0,0,2019-01-01
.media,1.0,enabled,0,0,0,0,2019-01-01
.mba,1.0,enabled,0,0,0,0,2019-01-01
.lincoln,1.0,enabled,0,0,0,0,2019-01-01
.link,1.0,enabled,0,0,0,0,2019-01-01
.live,1.0,enabled,0,0,0,0,2019-01-01
.llc,1.0,enabled,0,0,0,0,2019-01-01
.loan,1.0,enabled,0,0,0,0,2019-01-01
.loans,1.0,enabled,0,0,0,0,2019-01-01
.locker,1.0,enabled,0,0,0,0,2019-01-01
.locus,1.0,enabled,0,0,0,0,2019-01-01
.lol,1.0,enabled,0,0,0,0,2019-01-01
.london,1.0,enabled,0,0,0,0,2019-01-01
.lotto,1.0,enabled,0,0,0,0,2019-01-01
.lpl,1.0,enabled,0,0,0,0,2019-01-01
.lplfinancial,1.0,enabled,0,0,0,0,2019-01-01
.ltd,1.0,enabled,0,0,0,0,2019-01-01
.ltda,1.0,enabled,0,0,0,0,2019-01-01
.luxe,1.0,enabled,0,0,0,0,2019-01-01
.madrid,1.0,enabled,0,0,0,0,2019-01-01
.maison,1.0,enabled,0,0,0,0,2019-01-01
.man,1.0,enabled,0,0,0,0,2019-01-01
.management,1.0,enabled,0,0,0,0,2019-01-01
.mango,1.0,enabled,0,0,0,0,2019-01-01
.market,1.0,enabled,0,0,0,0,2019-01-01
.marketing,1.0,enabled,0,0,0,0,2019-01-01
.markets,1.0,enabled,0,0,0,0,2019-01-01
.marriott,1.0,enabled,0,0,0,0,2019-01-01
.marshalls,1.0,enabled,0,0,0,0,2019-01-01
.mattel,1.0,enabled,0,0,0,0,2019-01-01
.salon,1.0,enabled,0,0,0,0,2019-01-01
.sarl,1.0,enabled,0,0,0,0,2019-01-01
.inc,1.0,enabled,0,0,0,0,2019-01-01
.wow,1.0,enabled,0,0,0,0,2019-01-01
.weibo,1.0,enabled,0,0,0,0,2019-01-01
.whoswho,1.0,enabled,0,0,0,0,2019-01-01
.wien,1.0,enabled,0,0,0,0,2019-01-01
.wiki,1.0,enabled,0,0,0,0,2019-01-01
.williamhill,1.0,enabled,0,0,0,0,2019-01-01
.win,1.0,enabled,0,0,0,0,2019-01-01
.wine,1.0,enabled,0,0,0,0,2019-01-01
.winners,1.0,enabled,0,0,0,0,2019-01-01
.wolterskluwer,1.0,enabled,0,0,0,0,2019-01-01
.woodside,1.0,enabled,0,0,0,0,2019-01-01
.work,1.0,enabled,0,0,0,0,2019-01-01
.works,1.0,enabled,0,0,0,0,2019-01-01
.world,1.0,enabled,0,0,0,0,2019-01-01
.wtc,1.0,enabled,0,0,0,0,2019-01-01
.wed,1.0,enabled,,,0,,2021-06-17
.wtf,1.0,enabled,0,0,0,0,2019-01-01
.xfinity,1.0,enabled,0,0,0,0,2019-01-01
.xihuan,1.0,enabled,0,0,0,0,2019-01-01
.xin,1.0,enabled,0,0,0,0,2019-01-01
.xn--1ck2e1b,1.0,enabled,0,0,0,0,2019-01-01
.xn--3ds443g,1.0,enabled,0,0,0,0,2019-01-01
.xn--3oq18vl8pn36a,1.0,enabled,0,0,0,0,2019-01-01
.xn--4gbrim,1.0,enabled,0,0,0,0,2019-02-10
.xn--55qw42g,1.0,enabled,0,0,0,0,2019-01-01
.xn--5tzm5g,1.0,enabled,0,0,0,0,2019-01-01
.xn--6frz82g,1.0,enabled,0,0,0,0,2019-01-01
.xn--80adxhks,1.0,enabled,0,0,0,0,2019-01-01
.xn--80aqecdr1a,1.0,enabled,0,0,0,0,2019-01-01
.wedding,1.0,enabled,0,0,0,0,2019-01-01
.website,1.0,enabled,0,0,0,0,2019-01-01
.university,1.0,enabled,0,0,0,0,2019-01-01
.virgin,1.0,enabled,0,0,0,0,2019-01-01
.uol,1.0,enabled,0,0,0,0,2019-01-01
.vacations,1.0,enabled,0,0,0,0,2019-01-01
.vegas,1.0,enabled,0,0,0,0,2019-01-01
.ventures,1.0,enabled,0,0,0,0,2019-01-01
.versicherung,1.0,enabled,0,0,0,0,2019-01-01
.vet,1.0,enabled,0,0,0,0,2019-01-01
.viajes,1.0,enabled,0,0,0,0,2019-01-01
.video,1.0,enabled,0,0,0,0,2019-01-01
.vig,1.0,enabled,0,0,0,0,2019-01-01
.viking,1.0,enabled,0,0,0,0,2019-01-01
.villas,1.0,enabled,0,0,0,0,2019-01-01
.vin,1.0,enabled,0,0,0,0,2019-01-01
.vip,1.0,enabled,0,0,0,0,2019-01-01
.vision,1.0,enabled,0,0,0,0,2019-01-01
.webcam,1.0,enabled,0,0,0,0,2019-01-01
.vistaprint,1.0,enabled,0,0,,,2019-01-01
.vivo,1.0,enabled,0,0,0,0,2019-01-01
.vlaanderen,1.0,enabled,0,0,0,0,2019-01-01
.vodka,1.0,enabled,0,0,0,0,2019-01-01
.volkswagen,1.0,enabled,0,0,0,0,2019-01-01
.vote,1.0,enabled,0,0,0,0,2019-01-01
.voto,1.0,enabled,0,0,0,0,2019-01-01
.voyage,1.0,enabled,0,0,0,0,2019-01-01
.vuelos,1.0,enabled,0,0,0,0,2019-01-01
.wales,1.0,enabled,0,0,0,0,2019-01-01
.wang,1.0,enabled,0,0,0,0,2019-01-01
.wanggou,1.0,enabled,0,0,0,0,2019-01-01
.watch,1.0,enabled,0,0,0,0,2019-01-01
.xn--80asehdb,1.0,enabled,0,0,0,0,2019-01-01
.xn--80aswg,1.0,enabled,0,0,0,0,2019-01-01
.xn--9krt00a,1.0,enabled,0,0,0,0,2019-01-01
.xxx,1.0,enabled,0,0,0,0,2019-01-01
.xn--p1acf,1.0,enabled,0,0,0,0,2019-01-01
.xn--p1ai,1.0,enabled,,0,,,2020-01-01
.xn--pbt977c,1.0,enabled,0,0,,,2019-01-01
.xn--q9jyb4c,1.0,enabled,0,0,0,0,2019-01-01
.xn--rhqv96g,1.0,enabled,0,0,0,0,2019-01-01
.xn--rovu88b,1.0,enabled,0,0,0,0,2019-01-01
.xn--t60b56a,1.0,enabled,0,0,0,0,2019-01-01
.xn--tckwe,1.0,enabled,0,0,0,0,2019-01-01
.xn--tiq49xqyj,1.0,enabled,0,0,0,0,2019-01-01
.xn--vermgensberater-ctb,1.0,enabled,0,0,0,0,2019-01-01
.xn--vermgensberatung-pwb,1.0,enabled,0,0,0,0,2019-01-01
.xn--vuq861b,1.0,enabled,0,0,0,0,2019-05-30
.xn--zfr164b,1.0,enabled,0,0,0,0,2019-01-01
.xyz,1.0,enabled,0,0,0,0,2019-01-01
.xn--b4w605ferd,1.0,enabled,0,0,0,0,2019-01-01
.yachts,1.0,enabled,0,0,0,0,2019-01-01
.yahoo,1.0,enabled,0,0,0,0,2019-01-01
.yamaxun,1.0,enabled,0,0,0,0,2019-01-01
.yandex,1.0,enabled,0,0,0,0,2019-01-01
.yoga,1.0,enabled,0,0,0,0,2019-01-01
.yokohama,1.0,enabled,0,0,0,0,2019-01-01
.you,1.0,enabled,0,0,0,0,2019-01-01
.yun,1.0,enabled,0,0,0,0,2019-01-01
.zappos,1.0,enabled,0,0,0,0,2019-01-01
.zara,1.0,enabled,0,0,0,0,2019-01-01
.zero,1.0,enabled,0,0,0,0,2019-01-01
.zippo,1.0,enabled,0,,,,2019-01-01
.zone,1.0,enabled,0,0,0,0,2019-01-01
.xn--nyqy26a,1.0,enabled,0,0,0,0,2019-01-01
.xn--nqv7fs00ema,1.0,enabled,0,0,0,0,2019-01-01
.xn--nqv7f,1.0,enabled,0,0,0,0,2019-01-01
.xn--ngbrx,1.0,enabled,0,0,0,0,2019-01-01
.xn--bck1b9a5dre4c,1.0,enabled,0,0,0,0,2019-01-01
.xn--c1avg,1.0,enabled,0,0,0,0,2019-01-01
.xn--cck2b3b,1.0,enabled,0,0,0,0,2019-01-01
.xn--cckwcxetd,1.0,enabled,,0,0,,2020-06-05
.xn--d1acj3b,1.0,enabled,0,0,0,0,2019-01-01
.xn--eckvdtc9d,1.0,enabled,0,0,0,0,2019-01-01
.xn--estv75g,1.0,enabled,0,0,,,2019-01-01
.xn--fct429k,1.0,enabled,0,0,0,0,2019-01-01
.xn--fiq228c5hs,1.0,enabled,0,0,0,0,2019-01-01
.xn--fzys8d69uvgm,1.0,enabled,0,0,0,0,2019-01-01
.xn--g2xx48c,1.0,enabled,0,0,0,0,2019-01-01
.xn--gckr3f0f,1.0,enabled,0,0,0,0,2019-01-01
.xn--gk3at1e,1.0,enabled,0,0,0,0,2019-01-01
.xn--i1b6b1a6a2e,1.0,enabled,0,0,0,0,2019-01-01
.xn--jlq480n2rg,1.0,enabled,,0,0,,2020-06-05
.xn--jlq61u9w7b,1.0,enabled,0,0,0,0,2019-01-01
.xn--jvr189m,1.0,enabled,0,0,0,0,2019-01-01
.xn--kcrx77d1x4a,1.0,enabled,0,0,0,0,2019-01-01
.xn--kpu716f,1.0,enabled,0,0,,,2019-01-01
.xn--mgba7c0bbn0a,1.0,enabled,0,0,0,0,2019-01-01
.xn--mgbab2bd,1.0,enabled,0,0,0,0,2019-01-01
.xn--mgbb9fbpob,1.0,enabled,0,,,,2019-01-01
.xn--mgbca7dzdo,1.0,enabled,0,0,0,0,2019-01-01
.xn--mgbi4ecexp,1.0,enabled,0,0,0,0,2019-01-01
.xn--mgbt3dhd,1.0,enabled,0,0,0,0,2019-01-01
.xn--mk1bu44c,1.0,enabled,0,0,0,0,2019-01-01
.xn--ngbc5azd,1.0,enabled,0,0,0,0,2019-01-01
.uno,1.0,enabled,0,0,0,0,2019-01-01
.uconnect,1.0,enabled,0,,,,2019-01-01
.sas,1.0,enabled,0,0,0,0,2019-01-01
.soy,1.0,enabled,0,0,0,0,2019-01-01
.singles,1.0,enabled,0,0,0,0,2019-01-01
.site,1.0,enabled,0,0,0,0,2019-01-01
.ski,1.0,enabled,0,0,0,0,2019-01-01
.skype,1.0,enabled,0,0,0,0,2019-01-01
.sling,1.0,enabled,0,0,0,0,2019-01-01
.smile,1.0,enabled,0,0,0,0,2019-01-01
.sncf,1.0,enabled,0,0,0,0,2019-01-01
.soccer,1.0,enabled,0,0,0,0,2019-01-01
.social,1.0,enabled,0,0,0,0,2019-01-01
.software,1.0,enabled,0,0,0,0,2019-01-01
.solar,1.0,enabled,0,0,0,0,2019-01-01
.solutions,1.0,enabled,0,0,0,0,2019-01-01
.song,1.0,enabled,0,0,0,0,2019-01-01
.spa,1.0,enabled,,,0,,2021-01-12
.silk,1.0,enabled,0,0,0,0,2019-01-01
.space,1.0,enabled,0,0,0,0,2019-01-01
.sport,1.0,enabled,0,0,0,0,2019-01-01
.spot,1.0,enabled,0,0,0,0,2019-01-01
.srl,1.0,enabled,0,0,0,0,2019-01-01
.srt,1.0,enabled,0,,,,2019-01-01
.stada,1.0,enabled,0,0,0,0,2019-01-01
.staples,1.0,enabled,0,0,0,0,2019-01-01
.star,1.0,enabled,0,0,0,0,2019-01-01
.starhub,1.0,enabled,0,,,,2019-01-01
.statefarm,1.0,enabled,0,0,0,0,2019-01-01
.stockholm,1.0,enabled,0,0,0,0,2019-01-01
.storage,1.0,enabled,0,0,0,0,2019-01-01
.store,1.0,enabled,0,0,0,0,2019-01-01
.sina,1.0,enabled,0,0,0,0,2019-01-01
.shriram,1.0,enabled,0,0,,,2019-01-01
.tvs,1.0,enabled,0,0,0,0,2019-01-01
.select,1.0,enabled,0,0,0,0,2019-01-01
.save,1.0,enabled,0,0,0,0,2019-01-01
.schmidt,1.0,enabled,0,0,0,0,2019-01-01
.scholarships,1.0,enabled,0,0,0,0,2019-01-01
.school,1.0,enabled,0,0,0,0,2019-01-01
.schule,1.0,enabled,0,0,0,0,2019-01-01
.schwarz,1.0,enabled,0,0,0,0,2019-01-01
.science,1.0,enabled,0,0,0,0,2019-01-01
.scor,1.0,enabled,0,0,,,2019-01-01
.scot,1.0,enabled,0,0,0,0,2019-01-01
.seat,1.0,enabled,0,0,0,0,2019-01-01
.secure,1.0,enabled,0,0,0,0,2019-01-01
.security,1.0,enabled,0,0,0,0,2019-01-01
.seek,1.0,enabled,0,0,0,0,2019-01-01
.services,1.0,enabled,0,0,0,0,2019-01-01
.showtime,1.0,enabled,0,0,0,0,2019-01-01
.seven,1.0,enabled,0,0,0,0,2019-01-01
.sew,1.0,enabled,0,0,0,0,2019-01-01
.sex,1.0,enabled,0,0,0,0,2019-01-01
.sexy,1.0,enabled,0,0,0,0,2019-01-01
.sfr,1.0,enabled,0,0,0,0,2019-01-01
.shell,1.0,enabled,0,0,0,0,2019-01-01
.shia,1.0,enabled,0,0,0,0,2019-01-01
.shiksha,1.0,enabled,0,0,0,0,2019-01-01
.shoes,1.0,enabled,0,0,0,0,2019-01-01
.shop,1.0,enabled,0,0,0,0,2019-01-01
.shopping,1.0,enabled,0,0,0,0,2019-01-01
.shouji,1.0,enabled,0,0,0,0,2019-01-01
.show,1.0,enabled,0,0,0,0,2019-01-01
.stream,1.0,enabled,0,0,0,0,2019-01-01
.studio,1.0,enabled,0,0,0,0,2019-01-01
.study,1.0,enabled,0,0,0,0,2019-01-01
.tours,1.0,enabled,0,0,0,0,2019-01-01
.tienda,1.0,enabled,0,0,0,0,2019-01-01
.tips,1.0,enabled,0,0,0,0,2019-01-01
.tires,1.0,enabled,0,0,0,0,2019-01-01
.tirol,1.0,enabled,0,0,0,0,2019-01-01
.tjmaxx,1.0,enabled,0,0,0,0,2019-01-01
.tjx,1.0,enabled,0,0,0,0,2019-01-01
.tkmaxx,1.0,enabled,0,0,0,0,2019-01-01
.tmall,1.0,enabled,0,0,0,0,2019-01-01
.today,1.0,enabled,0,0,0,0,2019-01-01
.tokyo,1.0,enabled,0,0,0,0,2019-01-01
.tools,1.0,enabled,0,0,0,0,2019-01-01
.top,1.0,enabled,0,0,0,0,2019-01-01
.total,1.0,enabled,0,0,,,2019-01-01
.town,1.0,enabled,0,0,0,0,2019-01-01
.style,1.0,enabled,0,0,0,0,2019-01-01
.toys,1.0,enabled,0,0,0,0,2019-01-01
.trade,1.0,enabled,0,0,0,0,2019-01-01
.trading,1.0,enabled,0,0,0,0,2019-01-01
.training,1.0,enabled,0,0,0,0,2019-01-01
.travel,1.0,enabled,0,0,0,0,2019-01-01
.travelers,1.0,enabled,0,0,0,0,2019-01-01
.travelersinsurance,1.0,enabled,0,0,0,0,2019-01-01
.trust,1.0,enabled,0,0,0,0,2019-01-01
.trv,1.0,enabled,0,0,0,0,2019-01-01
.tube,1.0,enabled,0,0,0,0,2019-01-01
.tui,1.0,enabled,0,0,0,0,2019-01-01
.tunes,1.0,enabled,0,0,0,0,2019-01-01
.tushu,1.0,enabled,0,0,0,0,2019-01-01
.tickets,1.0,enabled,0,0,0,0,2019-01-01
.theater,1.0,enabled,0,0,0,0,2019-01-01
.teva,1.0,enabled,0,0,0,0,2019-01-01
.tennis,1.0,enabled,0,0,0,0,2019-01-01
.sucks,1.0,enabled,0,0,0,0,2019-01-01
.supplies,1.0,enabled,0,0,0,0,2019-01-01
.supply,1.0,enabled,0,0,0,0,2019-01-01
.support,1.0,enabled,0,0,0,0,2019-01-01
.surf,1.0,enabled,0,0,0,0,2019-01-01
.surgery,1.0,enabled,0,0,0,0,2019-01-01
.swiftcover,1.0,enabled,0,0,0,0,2019-01-01
.swiss,1.0,enabled,0,0,0,0,2019-01-01
.sydney,1.0,enabled,0,0,0,0,2019-01-01
.systems,1.0,enabled,0,0,0,0,2019-01-01
.tab,1.0,enabled,0,0,0,0,2019-01-01
.taipei,1.0,enabled,0,0,0,0,2019-01-01
.talk,1.0,enabled,0,0,0,0,2019-01-01
.taobao,1.0,enabled,0,0,0,0,2019-01-01
.target,1.0,enabled,0,0,0,0,2019-01-01
.tatar,1.0,enabled,0,0,0,0,2019-01-01
.tattoo,1.0,enabled,0,0,0,0,2019-01-01
.tax,1.0,enabled,0,0,0,0,2019-01-01
.taxi,1.0,enabled,0,0,0,0,2019-01-01
.tci,1.0,enabled,0,0,0,0,2019-01-01
.tdk,1.0,enabled,0,0,0,0,2019-01-01
.team,1.0,enabled,0,0,0,0,2019-01-01
.tech,1.0,enabled,0,0,0,0,2019-01-01
.technology,1.0,enabled,0,0,0,0,2019-01-01
.tel,1.0,enabled,0,0,0,0,2019-01-01
.telefonica,1.0,enabled,0,,,,2019-01-01
.temasek,1.0,enabled,0,0,0,0,2019-01-01
.industries,1.0,enabled,0,0,0,0,2019-01-01
.love,1.0,enabled,0,0,0,0,2019-01-01
.immobilien,1.0,enabled,0,0,0,0,2019-01-01
.credit,1.0,enabled,0,0,0,0,2019-01-01
.cleaning,1.0,enabled,0,0,0,0,2019-01-01
.click,1.0,enabled,0,0,0,0,2019-01-01
.clinic,1.0,enabled,0,0,0,0,2019-01-01
.clothing,1.0,enabled,0,0,0,0,2019-01-01
.cloud,1.0,enabled,0,0,0,0,2019-01-01
.club,1.0,enabled,0,0,0,0,2019-01-01
.coach,1.0,enabled,0,0,0,0,2019-01-01
.codes,1.0,enabled,0,0,0,0,2019-01-01
.coffee,1.0,enabled,0,0,0,0,2019-01-01
.college,1.0,enabled,0,0,0,0,2019-01-01
.cologne,1.0,enabled,0,0,0,0,2019-01-01
.comcast,1.0,enabled,0,0,0,0,2019-01-01
.commbank,1.0,enabled,0,0,0,0,2019-01-01
.community,1.0,enabled,0,0,0,0,2019-01-01
.company,1.0,enabled,0,0,0,0,2019-01-01
.compare,1.0,enabled,0,0,0,0,2019-01-01
.computer,1.0,enabled,0,0,0,0,2019-01-01
.condos,1.0,enabled,0,0,0,0,2019-01-01
.construction,1.0,enabled,0,0,0,0,2019-01-01
.consulting,1.0,enabled,0,0,0,0,2019-01-01
.contractors,1.0,enabled,0,0,0,0,2019-01-01
.cooking,1.0,enabled,0,0,0,0,2019-01-01
.cool,1.0,enabled,0,0,0,0,2019-01-01
.coop,1.0,enabled,0,0,0,0,2019-01-01
.corsica,1.0,enabled,0,0,0,0,2019-01-01
.country,1.0,enabled,0,0,0,0,2019-01-01
.coupon,1.0,enabled,0,0,0,0,2019-01-01
.coupons,1.0,enabled,0,0,0,0,2019-01-01
.courses,1.0,enabled,0,0,0,0,2019-01-01
.claims,1.0,enabled,0,0,0,0,2019-01-01
.city,1.0,enabled,0,0,0,0,2019-01-01
.citi,1.0,enabled,0,0,0,0,2019-01-01
.cbre,1.0,enabled,0,0,0,0,2019-01-01
.careers,1.0,enabled,0,0,0,0,2019-01-01
.cars,1.0,enabled,0,0,0,0,2019-01-01
.cartier,1.0,enabled,0,,,,2019-01-01
.casa,1.0,enabled,0,0,0,0,2019-01-01
.case,1.0,enabled,0,0,0,0,2019-01-01
.caseih,1.0,enabled,0,0,0,0,2019-01-01
.cash,1.0,enabled,0,0,0,0,2019-01-01
.casino,1.0,enabled,0,0,0,0,2019-01-01
.cat,1.0,enabled,0,0,0,0,2019-01-01
.catering,1.0,enabled,0,0,0,0,2019-01-01
.catholic,1.0,enabled,0,0,0,0,2019-01-01
.cba,1.0,enabled,0,0,0,0,2019-01-01
.cbn,1.0,enabled,0,0,0,0,2019-01-01
.cbs,1.0,enabled,0,0,0,0,2019-01-01
.cisco,1.0,enabled,0,0,0,0,2019-01-01
.ceb,1.0,enabled,0,0,,,2019-01-01
.center,1.0,enabled,0,0,0,0,2019-01-01
.ceo,1.0,enabled,0,0,0,0,2019-01-01
.cern,1.0,enabled,0,0,0,0,2019-01-01
.charity,1.0,enabled,0,0,0,0,2019-01-01
.chat,1.0,enabled,0,0,0,0,2019-01-01
.cheap,1.0,enabled,0,0,0,0,2019-01-01
.chintai,1.0,enabled,0,0,0,0,2019-01-01
.christmas,1.0,enabled,0,0,0,0,2019-01-01
.chrysler,1.0,enabled,0,,,,2019-01-01
.church,1.0,enabled,0,0,0,0,2019-01-01
.cipriani,1.0,enabled,0,0,0,0,2019-01-01
.circle,1.0,enabled,0,0,0,0,2019-01-01
.cpa,1.0,enabled,0,0,0,0,2019-12-17
.creditcard,1.0,enabled,0,0,0,0,2019-01-01
.care,1.0,enabled,0,0,0,0,2019-01-01
.creditunion,1.0,enabled,0,0,0,0,2019-01-01
.discover,1.0,enabled,0,0,0,0,2019-01-01
.dish,1.0,enabled,0,0,0,0,2019-01-01
.doctor,1.0,enabled,0,0,0,0,2019-01-01
.dodge,1.0,enabled,0,,,,2019-01-01
.dog,1.0,enabled,0,0,0,0,2019-01-01
.doha,1.0,enabled,0,,,,2019-01-01
.domains,1.0,enabled,0,0,0,0,2019-01-01
.dot,1.0,enabled,0,0,0,0,2019-01-01
.download,1.0,enabled,0,0,0,0,2019-01-01
.dtv,1.0,enabled,0,0,0,0,2019-01-01
.dubai,1.0,enabled,0,0,0,0,2019-01-01
.duns,1.0,enabled,0,,,,2019-01-01
.durban,1.0,enabled,0,0,0,0,2019-01-01
.dvag,1.0,enabled,0,0,0,0,2019-01-01
.dvr,1.0,enabled,0,0,0,0,2019-01-01
.earth,1.0,enabled,0,0,0,0,2019-01-01
.eco,1.0,enabled,0,0,0,0,2019-01-01
.edeka,1.0,enabled,0,0,0,0,2019-01-01
.edu,1.0,enabled,,0,,,2020-01-01
.education,1.0,enabled,0,0,0,0,2019-01-01
.email,1.0,enabled,0,0,0,0,2019-01-01
.emerck,1.0,enabled,0,0,0,0,2019-01-01
.energy,1.0,enabled,0,0,0,0,2019-01-01
.engineer,1.0,enabled,0,0,0,0,2019-01-01
.engineering,1.0,enabled,0,0,0,0,2019-01-01
.enterprises,1.0,enabled,0,0,0,0,2019-01-01
.epost,1.0,enabled,0,,,,2019-01-01
.equipment,1.0,enabled,0,0,0,0,2019-01-01
.erni,1.0,enabled,0,0,0,0,2019-01-01
.discount,1.0,enabled,0,0,0,0,2019-01-01
.directory,1.0,enabled,0,0,0,0,2019-01-01
.direct,1.0,enabled,0,0,0,0,2019-01-01
.dealer,1.0,enabled,0,0,0,0,2019-01-01
.immo,1.0,enabled,0,0,0,0,2019-01-01
.cruise,1.0,enabled,0,0,0,0,2019-01-01
.cruises,1.0,enabled,0,0,0,0,2019-01-01
.cuisinella,1.0,enabled,0,0,0,0,2019-01-01
.cymru,1.0,enabled,0,0,0,0,2019-01-01
.cyou,1.0,enabled,0,0,0,0,2019-01-01
.dabur,1.0,enabled,0,0,0,0,2019-01-01
.dance,1.0,enabled,0,0,0,0,2019-01-01
.data,1.0,enabled,0,0,0,0,2019-01-01
.date,1.0,enabled,0,0,0,0,2019-01-01
.dating,1.0,enabled,0,0,0,0,2019-01-01
.dds,1.0,enabled,0,0,0,0,2019-01-01
.deal,1.0,enabled,0,0,0,0,2019-01-01
.deals,1.0,enabled,0,0,0,0,2019-01-01
.digital,1.0,enabled,0,0,0,0,2019-01-01
.degree,1.0,enabled,0,0,0,0,2019-01-01
.delivery,1.0,enabled,0,0,0,0,2019-01-01
.deloitte,1.0,enabled,0,0,0,0,2019-01-01
.delta,1.0,enabled,0,0,0,0,2019-01-01
.democrat,1.0,enabled,0,0,0,0,2019-01-01
.dental,1.0,enabled,0,0,0,0,2019-01-01
.dentist,1.0,enabled,0,0,0,0,2019-01-01
.desi,1.0,enabled,0,0,0,0,2019-01-01
.design,1.0,enabled,0,0,0,0,2019-01-01
.dev,1.0,enabled,0,0,0,0,2019-01-01
.dhl,1.0,enabled,0,0,0,0,2019-01-01
.diamonds,1.0,enabled,0,0,0,0,2019-01-01
.diet,1.0,enabled,0,0,0,0,2019-01-01
.career,1.0,enabled,0,0,0,0,2019-01-01
.cards,1.0,enabled,0,0,0,0,2019-01-01
.esurance,1.0,enabled,0,0,,,2019-01-01
.band,1.0,enabled,0,0,0,0,2019-01-01
.amsterdam,1.0,enabled,0,0,0,0,2019-01-01
.analytics,1.0,enabled,0,0,0,0,2019-01-01
.anquan,1.0,enabled,0,0,0,0,2019-01-01
.anz,1.0,enabled,0,0,0,0,2019-01-01
.apartments,1.0,enabled,0,0,0,0,2019-01-01
.app,1.0,enabled,0,0,0,0,2019-01-01
.apple,1.0,enabled,0,0,0,0,2019-01-01
.aquarelle,1.0,enabled,0,0,0,0,2019-01-01
.arab,1.0,enabled,0,0,0,0,2019-01-01
.archi,1.0,enabled,0,0,0,0,2019-01-01
.army,1.0,enabled,0,0,0,0,2019-01-01
.art,1.0,enabled,0,0,0,0,2019-01-01
.asia,1.0,enabled,,0,,,2020-01-01
.associates,1.0,enabled,0,0,0,0,2019-01-01
.athleta,1.0,enabled,0,0,0,0,2019-01-01
.attorney,1.0,enabled,0,0,0,0,2019-01-01
.auction,1.0,enabled,0,0,0,0,2019-01-01
.audi,1.0,enabled,0,0,0,0,2019-01-01
.audible,1.0,enabled,0,0,0,0,2019-01-01
.audio,1.0,enabled,0,0,0,0,2019-01-01
.auspost,1.0,enabled,0,0,0,0,2019-01-01
.author,1.0,enabled,0,0,0,0,2019-01-01
.auto,1.0,enabled,0,0,0,0,2019-01-01
.autos,1.0,enabled,0,0,0,0,2019-01-01
.avianca,1.0,enabled,0,0,0,0,2019-01-01
.aws,1.0,enabled,0,0,0,0,2019-01-01
.axa,1.0,enabled,0,0,0,0,2019-01-01
.baby,1.0,enabled,0,0,0,0,2019-01-01
.banamex,1.0,enabled,0,0,0,0,2019-01-01
.amica,1.0,enabled,0,0,0,0,2019-01-01
.amex,1.0,enabled,0,0,0,0,2019-01-01
.americanexpress,1.0,enabled,0,0,0,0,2019-01-01
.afl,1.0,enabled,0,0,0,0,2019-01-01
.abarth,1.0,enabled,0,0,0,0,2019-01-01
.abbvie,1.0,enabled,0,0,0,0,2019-01-01
.able,1.0,enabled,0,0,0,0,2019-01-01
.abogado,1.0,enabled,0,0,0,0,2019-01-01
.abudhabi,1.0,enabled,0,0,0,0,2019-01-01
.academy,1.0,enabled,0,0,0,0,2019-01-01
.accountant,1.0,enabled,0,0,0,0,2019-01-01
.accountants,1.0,enabled,0,0,0,0,2019-01-01
.active,1.0,enabled,0,,,,2019-01-01
.actor,1.0,enabled,0,0,0,0,2019-01-01
.adac,1.0,enabled,0,0,0,0,2019-01-01
.adult,1.0,enabled,0,0,0,0,2019-01-01
.aetna,1.0,enabled,0,0,0,0,2019-01-01
.africa,1.0,enabled,0,0,0,0,2019-01-01
.amazon,1.0,enabled,,0,0,,2020-06-05
.agakhan,1.0,enabled,0,0,0,0,2019-01-01
.agency,1.0,enabled,0,0,0,0,2019-01-01
.aig,1.0,enabled,0,0,0,0,2019-01-05
.aigo,1.0,enabled,0,0,,,2019-01-01
.airforce,1.0,enabled,0,0,0,0,2019-01-01
.akdn,1.0,enabled,0,0,0,0,2019-01-01
.alfaromeo,1.0,enabled,0,0,0,0,2019-01-01
.alibaba,1.0,enabled,0,0,0,0,2019-01-01
.alipay,1.0,enabled,0,0,0,0,2019-01-01
.allfinanz,1.0,enabled,0,0,0,0,2019-01-01
.allstate,1.0,enabled,0,0,0,0,2019-01-01
.alsace,1.0,enabled,0,0,0,0,2019-01-01
.alstom,1.0,enabled,,0,0,,2020-09-03
.bananarepublic,1.0,enabled,0,0,0,0,2019-01-01
.bank,1.0,enabled,0,0,0,0,2019-01-01
.caravan,1.0,enabled,0,0,0,0,2019-01-01
.bar,1.0,enabled,0,0,0,0,2019-01-01
.bond,1.0,enabled,0,0,0,0,2019-01-01
.book,1.0,enabled,0,0,0,0,2019-01-01
.booking,1.0,enabled,0,0,0,0,2019-01-01
.bostik,1.0,enabled,0,0,0,0,2019-01-01
.boston,1.0,enabled,0,0,0,0,2019-01-01
.bot,1.0,enabled,0,0,0,0,2019-01-01
.boutique,1.0,enabled,0,0,0,0,2019-01-01
.box,1.0,enabled,0,0,0,0,2019-01-01
.bradesco,1.0,enabled,0,0,0,0,2019-01-01
.broadway,1.0,enabled,0,0,0,0,2019-01-01
.broker,1.0,enabled,0,0,0,0,2019-01-01
.brussels,1.0,enabled,0,0,0,0,2019-01-01
.budapest,1.0,enabled,0,0,0,0,2019-01-01
.bugatti,1.0,enabled,0,0,0,0,2019-01-01
.builders,1.0,enabled,0,0,0,0,2019-01-01
.business,1.0,enabled,0,0,0,0,2019-01-01
.buy,1.0,enabled,0,0,0,0,2019-01-01
.buzz,1.0,enabled,0,0,0,0,2019-01-01
.bzh,1.0,enabled,0,0,0,0,2019-01-01
.cab,1.0,enabled,0,0,0,0,2019-01-01
.cafe,1.0,enabled,0,0,0,0,2019-01-01
.call,1.0,enabled,0,0,0,0,2019-01-01
.calvinklein,1.0,enabled,0,0,0,0,2019-01-17
.cam,1.0,enabled,0,0,0,0,2019-01-01
.camera,1.0,enabled,0,0,0,0,2019-01-01
.camp,1.0,enabled,0,0,0,0,2019-01-01
.cancerresearch,1.0,enabled,0,0,0,0,2019-01-01
.capital,1.0,enabled,0,0,0,0,2019-01-01
.car,1.0,enabled,0,0,0,0,2019-01-01
.bom,1.0,enabled,0,0,0,0,2019-01-01
.boehringer,1.0,enabled,0,0,0,0,2019-01-01
.boats,1.0,enabled,0,0,0,0,2019-01-01
.bestbuy,1.0,enabled,0,0,0,0,2019-01-01
.barcelona,1.0,enabled,0,0,0,0,2019-01-01
.barclaycard,1.0,enabled,0,0,0,0,2019-01-01
.barclays,1.0,enabled,0,0,0,0,2019-01-01
.bargains,1.0,enabled,0,0,0,0,2019-01-01
.baseball,1.0,enabled,0,0,0,0,2019-01-01
.bauhaus,1.0,enabled,0,0,0,0,2019-01-01
.bayern,1.0,enabled,0,0,0,0,2019-01-01
.bbc,1.0,enabled,0,0,0,0,2019-01-11
.bcn,1.0,enabled,0,0,0,0,2019-01-01
.beats,1.0,enabled,0,0,0,0,2019-01-01
.beer,1.0,enabled,0,0,0,0,2019-01-01
.bentley,1.0,enabled,0,0,0,0,2019-01-01
.best,1.0,enabled,0,0,0,0,2019-01-01
.bet,1.0,enabled,0,0,0,0,2019-01-01
.bnpparibas,1.0,enabled,0,0,0,0,2019-10-19
.bible,1.0,enabled,0,0,0,0,2019-01-01
.bid,1.0,enabled,0,0,0,0,2019-01-01
.bike,1.0,enabled,0,0,0,0,2019-01-01
.bingo,1.0,enabled,0,0,0,0,2019-01-01
.bio,1.0,enabled,0,0,0,0,2019-01-01
.biz,1.0,enabled,0,0,,,2019-10-31
.black,1.0,enabled,0,0,0,0,2019-01-01
.blackfriday,1.0,enabled,0,0,0,0,2019-01-01
.blockbuster,1.0,enabled,0,0,0,0,2019-01-01
.blog,1.0,enabled,0,0,,,2019-01-01
.blue,1.0,enabled,0,0,0,0,2019-01-01
.bmw,1.0,enabled,0,0,0,0,2019-01-01
.bnl,1.0,enabled,0,,,,2019-01-01
.estate,1.0,enabled,0,0,0,0,2019-01-01
.cricket,1.0,enabled,0,0,0,0,2019-01-01
.gmbh,1.0,enabled,0,0,0,0,2019-01-01
.green,1.0,enabled,0,0,0,0,2019-01-01
.godaddy,1.0,enabled,0,0,0,0,2019-01-01
.gold,1.0,enabled,0,0,0,0,2019-01-01
.golf,1.0,enabled,0,0,0,0,2019-01-01
.flir,1.0,enabled,0,0,0,0,2019-01-01
.goog,1.0,enabled,0,0,0,0,2019-01-01
.flights,1.0,enabled,0,0,0,0,2019-01-01
.google,1.0,enabled,0,0,0,0,2019-01-01
.gop,1.0,enabled,0,0,0,0,2019-01-01
.flickr,1.0,enabled,0,0,0,0,2019-01-01
.got,1.0,enabled,0,0,0,0,2019-01-01
.grainger,1.0,enabled,0,0,0,0,2019-01-01
.fitness,1.0,enabled,0,0,0,0,2019-01-01
.graphics,1.0,enabled,0,0,0,0,2019-01-01
.gratis,1.0,enabled,0,0,0,0,2019-01-01
.gripe,1.0,enabled,0,0,0,0,2019-01-01
.helsinki,1.0,enabled,0,0,0,0,2019-01-01
.group,1.0,enabled,0,0,0,0,2019-01-01
.gucci,1.0,enabled,0,0,0,0,2019-01-01
.guide,1.0,enabled,0,0,0,0,2019-01-01
.guitars,1.0,enabled,0,0,0,0,2019-01-01
.guru,1.0,enabled,0,0,0,0,2019-01-01
.fit,1.0,enabled,0,0,0,0,2019-01-01
.hamburg,1.0,enabled,0,0,0,0,2019-01-01
.frontier,1.0,enabled,0,0,0,0,2019-01-01
.haus,1.0,enabled,0,0,0,0,2019-01-01
.fish,1.0,enabled,0,0,0,0,2019-01-01
.hbo,1.0,enabled,0,0,0,0,2019-01-01
.hdfc,1.0,enabled,0,0,0,0,2019-01-01
.health,1.0,enabled,0,0,0,0,2019-01-01
.healthcare,1.0,enabled,0,0,0,0,2019-01-01
.gmx,1.0,enabled,0,0,0,0,2019-01-01
.florist,1.0,enabled,0,0,0,0,2019-01-01
.eurovision,1.0,enabled,0,0,0,0,2019-01-01
.flowers,1.0,enabled,0,0,0,0,2019-01-01
.frl,1.0,enabled,0,0,0,0,2019-01-01
.fresenius,1.0,enabled,0,0,0,0,2019-01-01
.free,1.0,enabled,0,0,0,0,2019-01-01
.fox,1.0,enabled,0,0,0,0,2019-01-01
.ftr,1.0,enabled,0,0,0,0,2019-01-01
.fun,1.0,enabled,0,0,0,0,2019-01-01
.fund,1.0,enabled,0,0,0,0,2019-01-01
.foundation,1.0,enabled,0,0,0,0,2019-01-01
.furniture,1.0,enabled,0,0,0,0,2019-01-01
.futbol,1.0,enabled,0,0,0,0,2019-01-01
.forsale,1.0,enabled,0,0,0,0,2019-01-01
.fyi,1.0,enabled,0,0,0,0,2019-01-01
.gal,1.0,enabled,0,0,0,0,2019-01-01
.gallery,1.0,enabled,0,0,0,0,2019-01-01
.game,1.0,enabled,0,0,0,0,2019-01-01
.games,1.0,enabled,0,0,0,0,2019-01-01
.ford,1.0,enabled,0,0,0,0,2019-01-01
.football,1.0,enabled,0,0,0,0,2019-01-01
.gap,1.0,enabled,0,0,0,0,2019-01-01
.garden,1.0,enabled,0,0,0,0,2019-01-01
.gent,1.0,enabled,0,0,0,0,2019-01-01
.gift,1.0,enabled,0,0,0,0,2019-01-01
.gifts,1.0,enabled,0,0,0,0,2019-01-01
.gives,1.0,enabled,0,0,0,0,2019-01-01
.giving,1.0,enabled,0,0,0,0,2019-01-01
.foo,1.0,enabled,0,0,0,0,2019-01-01
.glass,1.0,enabled,0,0,0,0,2019-01-01
.global,1.0,enabled,0,0,0,0,2019-01-01
.globo,1.0,enabled,0,0,0,0,2019-01-01
.help,1.0,enabled,0,0,0,0,2019-01-01
.fishing,1.0,enabled,0,0,0,0,2019-01-01
.frogans,1.0,enabled,0,0,0,0,2019-01-01
.hoteles,1.0,enabled,0,0,0,0,2019-02-28
.imamat,1.0,enabled,0,0,0,0,2019-01-01
.exposed,1.0,enabled,0,0,0,0,2019-01-01
.fans,1.0,enabled,0,0,0,0,2019-01-01
.fan,1.0,enabled,0,0,0,0,2019-01-01
.horse,1.0,enabled,0,0,0,0,2019-01-01
.fire,1.0,enabled,0,0,0,0,2019-01-01
.hospital,1.0,enabled,0,0,0,0,2019-01-01
.host,1.0,enabled,0,0,0,0,2019-01-03
.hosting,1.0,enabled,0,0,0,0,2019-01-01
.family,1.0,enabled,0,0,0,0,2019-01-01
.everbank,1.0,enabled,0,,,,2019-01-01
.faith,1.0,enabled,0,0,0,0,2019-01-01
.hot,1.0,enabled,0,0,0,0,2019-01-01
.hotels,1.0,enabled,0,0,0,0,2019-01-01
.farm,1.0,enabled,0,0,0,0,2019-01-01
.exchange,1.0,enabled,0,0,0,0,2019-01-01
.expert,1.0,enabled,0,0,0,0,2019-01-01
.house,1.0,enabled,0,0,0,0,2019-01-01
.how,1.0,enabled,0,0,0,0,2019-01-01
.hsbc,1.0,enabled,0,0,0,0,2019-01-01
.hughes,1.0,enabled,0,0,0,0,2019-01-01
.fail,1.0,enabled,0,0,0,0,2019-01-01
.ibm,1.0,enabled,0,0,0,0,2019-01-01
.fage,1.0,enabled,0,0,0,0,2019-01-01
.extraspace,1.0,enabled,0,0,0,0,2019-01-01
.icbc,1.0,enabled,0,0,0,0,2019-01-01
.express,1.0,enabled,0,0,0,0,2019-01-01
.icu,1.0,enabled,0,0,0,0,2019-01-01
.honeywell,1.0,enabled,0,,,,2019-01-01
.ieee,1.0,enabled,0,0,0,0,2019-01-01
.events,1.0,enabled,0,0,0,0,2019-01-01
.finance,1.0,enabled,0,0,0,0,2019-01-01
.hiphop,1.0,enabled,0,0,0,0,2019-01-01
.fido,1.0,enabled,0,0,0,0,2019-01-01
.hiv,1.0,enabled,0,0,0,0,2019-01-01
.fiat,1.0,enabled,0,0,0,0,2019-01-01
.film,1.0,enabled,0,0,0,0,2019-01-01
.final,1.0,enabled,0,0,0,0,2019-01-01
.eus,1.0,enabled,0,0,0,0,2019-01-01
.hkt,1.0,enabled,0,0,0,0,2019-01-01
.ferrero,1.0,enabled,0,0,0,0,2019-01-01
.hockey,1.0,enabled,0,0,0,0,2019-01-01
.imdb,1.0,enabled,0,0,0,0,2019-01-01
.holdings,1.0,enabled,0,0,0,0,2019-01-01
.holiday,1.0,enabled,0,0,0,0,2019-01-01
.homegoods,1.0,enabled,0,0,0,0,2019-01-01
.financial,1.0,enabled,0,0,0,0,2019-01-01
.fast,1.0,enabled,0,0,0,0,2019-01-01
.homes,1.0,enabled,0,0,0,0,2019-01-01
.fashion,1.0,enabled,0,0,0,0,2019-01-01
.homesense,1.0,enabled,0,0,0,0,2019-01-01
.farmers,1.0,enabled,0,0,0,0,2019-01-01
.xn--xhq521b,0.9990867579908675,partially,0,0,1,1,2019-01-01
.sandvikcoromant,0.9990338164251208,partially,0,1,0,1,2019-01-01
.sandvik,0.9990338164251208,partially,0,1,0,1,2019-01-01
.walter,0.9990338164251208,partially,0,1,0,1,2019-01-01
.saxo,0.9990319457889641,partially,0,1,0,1,2019-01-01
.hermes,0.9990253411306043,partially,0,1,0,1,2019-01-01
.xn--io0a7i,0.9990118577075099,partially,1,0,0,1,2019-01-08
.xn--55qx5d,0.9990118577075099,partially,1,0,0,1,2019-01-08
.hyatt,0.9990079365079365,partially,0,1,0,1,2019-01-01
.abbott,0.998997995991984,partially,0,1,0,1,2019-01-17
.ikano,0.998997995991984,partially,0,1,0,1,2019-01-18
.dell,0.9989949748743718,partially,0,1,0,1,2019-01-01
.scb,0.997624703087886,partially,0,2,0,2,2019-03-26
.xn--1qqw23a,0.9972972972972973,partially,1,1,0,2,2019-01-01
.jpmorgan,0.9954337899543378,partially,0,4,1,5,2019-01-01
.capetown,0.994059405940594,partially,0,6,0,6,2019-01-01
.joburg,0.994059405940594,partially,0,6,0,6,2019-01-01
.berlin,0.9927461139896373,partially,0,7,0,7,2019-01-01
.build,0.9900124843945068,partially,0,8,0,8,2019-02-12
.luxury,0.9899874843554443,partially,0,8,0,8,2019-02-14
.watches,0.9844748858447488,partially,0,17,0,17,2019-01-01
.ryukyu,0.9817017383348582,partially,20,0,0,20,2019-01-22
.basketball,0.9789954337899544,partially,0,0,23,23,2019-01-01
.kred,0.9375650364203955,partially,59,0,1,60,2019-03-21
.monster,0.9342592592592592,partially,71,0,0,71,2019-03-28
.nagoya,0.9222323879231473,partially,0,85,0,85,2019-01-01
.mls,0.9213893967093236,partially,86,0,0,86,2019-03-28
.sbi,0.9141552511415525,partially,94,0,0,94,2019-04-05
.llp,0.8678474114441417,partially,4,93,0,97,2020-04-04
.makeup,0.8651252408477842,partially,1,49,90,140,2019-01-01
.liaison,0.8567567567567568,partially,52,1,,,2019-02-22
.zuerich,0.85662100456621,partially,0,0,157,157,2019-01-01
.itau,0.8118721461187215,partially,206,0,0,206,2019-07-26
.youtube,0.7881278538812785,partially,232,0,0,232,2019-08-21
.new,0.7269406392694064,partially,299,0,0,299,2019-10-27
.xn--9dbq2a,0.7242009132420091,partially,269,33,0,302,2019-01-01
.schaeffler,0.6916167664670658,partially,0,0,309,309,2019-01-01
.theatre,0.6575342465753424,partially,365,10,0,375,2020-01-12
.gea,0.5992023928215354,partially,0,69,333,402,2019-01-01
.aco,0.5988023952095808,partially,0,69,333,402,2019-01-01
.gay,0.5463917525773195,partially,143,253,0,396,2020-09-11
.forex,0.5095890410958904,partially,355,182,0,537,2019-01-01
.ril,0.41278538812785387,partially,365,278,0,643,2020-10-06
.reliance,0.41278538812785387,partially,365,278,0,643,2020-10-06
.statebank,0.41278538812785387,partially,365,278,0,643,2020-10-06
.jio,0.41278538812785387,partially,365,278,0,643,2020-10-06
.ally,0.4,partially,365,292,0,657,2020-10-20
.maserati,0.4,partially,365,292,0,657,2020-10-20
.gallup,0.4,partially,365,292,0,657,2020-10-20
.bcg,0.4,partially,365,292,0,657,2020-10-20
.pnc,0.4,partially,365,292,0,657,2020-10-20
.thd,0.4,partially,365,292,0,657,2020-10-20
.origins,0.4,partially,365,292,0,657,2020-10-20
.ferrari,0.4,partially,365,292,0,657,2020-10-20
.mckinsey,0.4,partially,365,292,0,657,2020-10-20
.ups,0.4,partially,365,292,0,657,2020-10-20
.goodyear,0.4,partially,365,292,0,657,2020-10-20
.fedex,0.4,partially,365,292,0,657,2020-10-20
.lamer,0.4,partially,365,292,0,657,2020-10-20
.clinique,0.4,partially,365,292,0,657,2020-10-20
.dunlop,0.4,partially,365,292,0,657,2020-10-20
.homedepot,0.4,partially,365,292,0,657,2020-10-20
.contact,0.35251141552511417,partially,365,344,0,709,2020-12-11
.xn--6qq986b3xl,0.32297297297297295,partially,305,195,1,501,2021-01-28
.ren,0.3140655105973025,partially,308,287,117,712,2020-04-17
.sbs,0.30228310502283107,partially,365,365,34,764,2021-02-04
.hair,0.29218900675024106,partially,307,365,62,734,2021-03-04
.skin,0.29218900675024106,partially,307,365,62,734,2021-03-04
.forum,0.27579908675799086,partially,365,365,63,793,2021-03-05
.beauty,0.273972602739726,partially,365,365,65,795,2021-03-07
.rugby,0.26575342465753427,partially,365,365,74,804,2021-03-16
.cfd,0.22557077625570776,partially,365,365,118,848,2021-04-29
.feedback,0.2182648401826484,partially,365,365,126,856,2021-05-07
.bbva,0.1817351598173516,partially,365,365,166,896,2021-06-16
.realtor,0.15524625267665954,partially,330,291,168,789,2021-07-28
.xerox,0.1470292044310171,partially,331,329,187,847,2021-07-22
.med,0.14337899543378996,partially,365,365,208,938,2021-07-28
.xn--8y0a063a,0.10707456978967496,partially,204,365,365,934,2019-02-19
.unicom,0.10707456978967496,partially,204,365,365,934,2019-02-19
.xn--ses554g,0.0528169014084507,partially,222,297,288,807,2021-11-17
.protection,0.0009132420091324201,partially,364,365,365,1094,2019-07-23
.off,0.0,disabled,308,343,315,966,
.kerryhotels,0.0,disabled,365,365,365,1095,
.aramco,0.0,disabled,365,365,365,1095,
.xn--11b4c3d,0.0,disabled,365,365,365,1095,
.komatsu,0.0,disabled,365,365,365,1095,
.fidelity,0.0,disabled,365,365,365,1095,
.hgtv,0.0,disabled,365,365,365,1095,
.xbox,0.0,disabled,365,365,365,1095,
.here,0.0,disabled,365,365,365,1095,
.xn--c2br7g,0.0,disabled,365,365,365,1095,
.docs,0.0,disabled,365,365,365,1095,
.juniper,0.0,disabled,365,365,365,1095,
.norton,0.0,disabled,365,365,365,1095,
.azure,0.0,disabled,365,365,365,1095,
.xn--cg4bki,0.0,disabled,348,339,345,1032,
.xn--czr694b,0.0,disabled,319,306,321,946,
.xn--czrs0t,0.0,disabled,365,365,365,1095,
.xn--czru2d,0.0,disabled,339,365,365,1069,
.kuokgroup,0.0,disabled,365,365,365,1095,
.baidu,0.0,disabled,365,365,365,1095,
.kyoto,0.0,disabled,353,359,349,1061,
.xn--efvy88h,0.0,disabled,365,365,365,1095,
.firestone,0.0,disabled,365,365,365,1095,
.aol,0.0,disabled,365,365,365,1095,
.xn--fhbei,0.0,disabled,365,365,365,1095,
.kddi,0.0,disabled,364,365,355,1084,
.hisamitsu,0.0,disabled,365,365,365,1095,
.xn--54b7fta0cc,0.0,disabled,,8,,,
.kerrylogistics,0.0,disabled,365,365,365,1095,
.xn--fiq64b,0.0,disabled,363,365,365,1093,
.xn--45q11c,0.0,disabled,339,365,365,1069,
.diy,0.0,disabled,365,365,365,1095,
.xn--42c2d9a,0.0,disabled,365,365,365,1095,
.xn--5su34j936bgsg,0.0,disabled,365,365,365,1095,
.xn--3pxu8k,0.0,disabled,365,365,365,1095,
.dnp,0.0,disabled,364,365,364,1093,
.kia,0.0,disabled,365,365,365,1095,
.raid,0.0,disabled,308,343,315,966,
.kfh,0.0,disabled,365,365,365,1095,
.xn--80ao21a,0.0,disabled,,2,,,
.kerryproperties,0.0,disabled,365,365,365,1095,
.xn--3e0b707e,0.0,disabled,,8,,,
.asda,0.0,disabled,365,365,365,1095,
.arte,0.0,disabled,365,365,365,1095,
.hitachi,0.0,disabled,364,365,364,1093,
.xn--90a3ac,0.0,disabled,,4,,,
.xn--90ae,0.0,disabled,,3,,,
.xn--90ais,0.0,disabled,,8,,,
.xn--3bst00m,0.0,disabled,305,195,240,740,
.xn--30rr7y,0.0,disabled,365,365,365,1095,
.xn--9et52u,0.0,disabled,365,365,365,1095,
.obi,0.0,disabled,352,347,351,1050,
.clubmed,0.0,disabled,365,365,365,1095,
.xn--j1amh,0.0,disabled,,8,,,
.xn--fiqs8s,0.0,disabled,,8,,,
.aero,0.0,disabled,,8,,,
.xn--w4rs40l,0.0,disabled,365,365,365,1095,
.xn--w4r85el8fhu5dnra,0.0,disabled,365,365,365,1095,
.ads,0.0,disabled,365,365,365,1095,
.xn--vhquv,0.0,disabled,365,365,365,1095,
.hyundai,0.0,disabled,365,365,365,1095,
.aeg,0.0,disabled,365,365,365,1095,
.xn--unup4y,0.0,disabled,365,365,365,1095,
.ipiranga,0.0,disabled,365,365,365,1095,
.xn--fjq720a,0.0,disabled,365,365,365,1095,
.afamilycompany,0.0,disabled,365,365,337,1067,
.play,0.0,disabled,365,365,365,1095,
.xn--qxam,0.0,disabled,,3,,,
.xn--qcka1pmc,0.0,disabled,365,365,365,1095,
.playstation,0.0,disabled,365,365,365,1095,
.xn--pssy2u,0.0,disabled,365,365,365,1095,
.xn--pgbs0dh,0.0,disabled,,5,,,
.xn--wgbh1c,0.0,disabled,,1,,,
.pioneer,0.0,disabled,365,365,365,1095,
.intuit,0.0,disabled,365,365,365,1095,
.otsuka,0.0,disabled,364,365,355,1084,
.infiniti,0.0,disabled,364,365,355,1084,
.abb,0.0,disabled,365,365,365,1095,
.zip,0.0,disabled,365,365,365,1095,
.esq,0.0,disabled,365,365,365,1095,
.phd,0.0,disabled,365,365,365,1095,
.abc,0.0,disabled,365,365,365,1095,
.ing,0.0,disabled,365,365,365,1095,
.ericsson,0.0,disabled,365,365,365,1095,
.epson,0.0,disabled,365,365,365,1095,
.panasonic,0.0,disabled,365,365,365,1095,
.yodobashi,0.0,disabled,364,365,355,1084,
.accenture,0.0,disabled,365,365,365,1095,
.pictet,0.0,disabled,365,365,365,1095,
.ice,0.0,disabled,365,365,365,1095,
.pid,0.0,disabled,365,365,365,1095,
.fairwinds,0.0,disabled,365,365,365,1095,
.eat,0.0,disabled,365,365,365,1095,
.xn--otu796d,0.0,disabled,365,365,365,1095,
.xn--kpry57d,0.0,disabled,,3,,,
.duck,0.0,disabled,308,343,315,966,
.amfam,0.0,disabled,319,341,337,997,
.xn--j6w193g,0.0,disabled,,1,,,
.ladbrokes,0.0,disabled,323,,,,
.xn--j1aef,0.0,disabled,365,365,365,1095,
.prod,0.0,disabled,365,365,365,1095,
.xn--imr513n,0.0,disabled,365,365,365,1095,
.drive,0.0,disabled,365,365,365,1095,
.xn--hxt814e,0.0,disabled,339,365,365,1069,
.xn--h2brj9c,0.0,disabled,,5,,,
.honda,0.0,disabled,365,365,365,1095,
.prof,0.0,disabled,365,365,365,1095,
.android,0.0,disabled,365,365,365,1095,
.omega,0.0,disabled,365,365,365,1095,
.xn--flw351e,0.0,disabled,365,365,365,1095,
.americanfamily,0.0,disabled,319,341,337,997,
.xn--lgbbat1ad8j,0.0,disabled,,2,,,
.xn--o3cw4h,0.0,disabled,,8,,,
.xn--mgba3a3ejt,0.0,disabled,365,365,365,1095,
.airbus,0.0,disabled,365,365,365,1095,
.hotmail,0.0,disabled,365,365,365,1095,
.airtel,0.0,disabled,365,365,365,1095,
.xn--node,0.0,disabled,,7,,,
.xn--ngbe9e0a,0.0,disabled,365,365,365,1095,
.jaguar,0.0,disabled,365,365,365,1095,
.xn--mxtq1m,0.0,disabled,315,165,360,840,
.java,0.0,disabled,365,365,365,1095,
.jcb,0.0,disabled,364,365,364,1093,
.orange,0.0,disabled,365,365,365,1095,
.oracle,0.0,disabled,365,365,365,1095,
.dupont,0.0,disabled,351,308,352,1011,
.xn--mgbaam7a8h,0.0,disabled,,6,,,
.xn--mgbaakc7dvf,0.0,disabled,365,365,365,1095,
.onyourside,0.0,disabled,365,365,106,836,
.wme,0.0,disabled,365,365,365,1095,
.weatherchannel,0.0,disabled,365,365,365,1095,
.reit,0.0,disabled,365,365,365,1095,
.capitalone,0.0,disabled,365,365,365,1095,
.food,0.0,disabled,365,365,365,1095,
.nadex,0.0,disabled,365,86,,,
.tatamotors,0.0,disabled,365,365,365,1095,
.nab,0.0,disabled,365,365,365,1095,
.scjohnson,0.0,disabled,308,343,315,966,
.foodnetwork,0.0,disabled,365,365,365,1095,
.map,0.0,disabled,365,365,365,1095,
.ggee,0.0,disabled,364,365,364,1093,
.george,0.0,disabled,365,365,365,1095,
.symantec,0.0,disabled,365,198,,,
.genting,0.0,disabled,365,365,365,1095,
.music,0.0,disabled,,,61,,
.swatch,0.0,disabled,365,365,365,1095,
.suzuki,0.0,disabled,364,365,355,1084,
.gdn,0.0,disabled,,8,,,
.maif,0.0,disabled,365,365,365,1095,
.glade,0.0,disabled,308,343,315,966,
.windows,0.0,disabled,365,365,365,1095,
.nationwide,0.0,disabled,365,365,106,836,
.gmo,0.0,disabled,364,365,364,1093,
.lotte,0.0,disabled,364,365,355,1084,
.nec,0.0,disabled,365,365,365,1095,
.aarp,0.0,disabled,365,365,365,1095,
.tiffany,0.0,disabled,365,365,365,1095,
.gmail,0.0,disabled,365,365,365,1095,
.fly,0.0,disabled,365,365,365,1095,
.tiaa,0.0,disabled,365,365,365,1095,
.cal,0.0,disabled,365,365,365,1095,
.gle,0.0,disabled,365,365,365,1095,
.lundbeck,0.0,disabled,365,365,365,1095,
.lupin,0.0,disabled,365,344,,,
.sca,0.0,disabled,365,365,365,1095,
.macys,0.0,disabled,275,364,365,1004,
.canon,0.0,disabled,364,365,364,1093,
.gbiz,0.0,disabled,365,365,365,1095,
.meet,0.0,disabled,365,365,365,1095,
.search,0.0,disabled,365,365,365,1095,
.meme,0.0,disabled,365,365,365,1095,
.ses,0.0,disabled,365,365,365,1095,
.sohu,0.0,disabled,355,365,365,1085,
.citadel,0.0,disabled,365,365,365,1095,
.softbank,0.0,disabled,365,365,365,1095,
.comsec,0.0,disabled,365,365,365,1095,
.citic,0.0,disabled,363,365,365,1093,
.cityeats,0.0,disabled,365,365,365,1095,
.smart,0.0,disabled,363,365,365,1093,
.mov,0.0,disabled,365,365,365,1095,
.shangrila,0.0,disabled,365,365,365,1095,
.sky,0.0,disabled,365,365,365,1095,
.sharp,0.0,disabled,365,365,365,1095,
.fujixerox,0.0,disabled,365,365,85,815,
.fujitsu,0.0,disabled,365,365,365,1095,
.moto,0.0,disabled,365,365,365,1095,
.mitsubishi,0.0,disabled,365,365,365,1095,
.msd,0.0,disabled,365,365,365,1095,
.sony,0.0,disabled,365,365,365,1095,
.merckmsd,0.0,disabled,365,365,365,1095,
.cookingchannel,0.0,disabled,365,365,365,1095,
.cfa,0.0,disabled,365,365,365,1095,
.stcgroup,0.0,disabled,365,365,365,1095,
.stc,0.0,disabled,365,365,365,1095,
.chanel,0.0,disabled,365,365,365,1095,
.channel,0.0,disabled,365,365,365,1095,
.chase,0.0,disabled,365,365,365,1095,
.mint,0.0,disabled,365,365,365,1095,
.metlife,0.0,disabled,365,250,,,
.spreadbetting,0.0,disabled,365,365,111,841,
.microsoft,0.0,disabled,365,365,365,1095,
.gallo,0.0,disabled,365,365,365,1095,
.chrome,0.0,disabled,365,365,365,1095,
.sener,0.0,disabled,365,365,365,1095,
.sanofi,0.0,disabled,365,365,365,1095,
.samsung,0.0,disabled,365,365,365,1095,
.loft,0.0,disabled,365,365,365,1095,
.grocery,0.0,disabled,365,365,365,1095,
.dclk,0.0,disabled,365,365,365,1095,
.volvo,0.0,disabled,365,365,365,1095,
.ricoh,0.0,disabled,365,365,365,1095,
.rightathome,0.0,disabled,308,203,,,
.guge,0.0,disabled,365,365,365,1095,
.viva,0.0,disabled,365,365,365,1095,
.day,0.0,disabled,365,365,365,1095,
.bharti,0.0,disabled,312,365,365,1042,
.visa,0.0,disabled,365,365,365,1095,
.lefrak,0.0,disabled,365,365,365,1095,
.guardian,0.0,disabled,365,365,365,1095,
.lego,0.0,disabled,365,365,365,1095,
.bing,0.0,disabled,365,365,365,1095,
.lexus,0.0,disabled,365,365,365,1095,
.datsun,0.0,disabled,364,365,355,1084,
.rexroth,0.0,disabled,365,365,365,1095,
.walmart,0.0,disabled,365,365,365,1095,
.nhk,0.0,disabled,364,365,364,1093,
.nissan,0.0,disabled,364,365,355,1084,
.lancome,0.0,disabled,279,,,,
.barefoot,0.0,disabled,365,365,365,1095,
.weir,0.0,disabled,365,365,365,1095,
.firmdale,0.0,disabled,193,353,365,911,
.landrover,0.0,disabled,365,365,365,1095,
.nissay,0.0,disabled,365,365,365,1095,
.weber,0.0,disabled,365,365,365,1095,
.bbt,0.0,disabled,365,365,365,1095,
.nikon,0.0,disabled,365,365,365,1095,
.frontdoor,0.0,disabled,365,365,365,1095,
.weather,0.0,disabled,365,365,365,1095,
.nico,0.0,disabled,364,365,364,1093,
.hangout,0.0,disabled,365,365,365,1095,
.warman,0.0,disabled,323,,,,
.nfl,0.0,disabled,365,365,365,1095,
.nexus,0.0,disabled,365,365,365,1095,
.samsclub,0.0,disabled,365,365,365,1095,
.blanco,0.0,disabled,44,,,,
.travelchannel,0.0,disabled,365,365,365,1095,
.bosch,0.0,disabled,365,365,365,1095,
.living,0.0,disabled,365,365,365,1095,
.lixil,0.0,disabled,365,365,363,1093,
.goo,0.0,disabled,364,365,355,1084,
.netflix,0.0,disabled,365,365,365,1095,
.toyota,0.0,disabled,365,365,365,1095,
.crs,0.0,disabled,358,365,365,1088,
.goldpoint,0.0,disabled,364,365,355,1084,
.bridgestone,0.0,disabled,365,365,365,1095,
.toshiba,0.0,disabled,364,365,355,1084,
.toray,0.0,disabled,365,365,365,1095,
.localhost,0.0,disabled,,8,,,
.crown,0.0,disabled,365,365,365,1095,
.brother,0.0,disabled,365,365,365,1095,
.lipsy,0.0,disabled,365,365,365,1095,
.boo,0.0,disabled,365,365,365,1095,
.csc,0.0,disabled,365,365,365,1095,
.next,0.0,disabled,365,365,365,1095,
.verisign,0.0,disabled,365,365,365,1095,
.nextdirect,0.0,disabled,365,365,365,1095,
.lifestyle,0.0,disabled,365,365,365,1095,
.vanguard,0.0,disabled,365,365,365,1095,
.vana,0.0,disabled,365,365,365,1095,
.bloomberg,0.0,disabled,365,365,365,1095,
.bms,0.0,disabled,365,365,365,1095,
.linde,0.0,disabled,365,365,365,1095,
.dad,0.0,disabled,365,365,365,1095,
.rsvp,0.0,disabled,365,365,365,1095,
.ubs,0.0,disabled,365,365,365,1095,
.ubank,0.0,disabled,365,365,365,1095,
.rwe,0.0,disabled,365,365,365,1095,
.bofa,0.0,disabled,365,365,365,1095,
.etisalat,0.0,disabled,365,365,365,1095,
